Idade,Cor,Orientação Sexual,Identidade de Gênero,Renda Individual Mensal,Renda familiar mensal aproximada,Renda per capita,Estado,Situação,Faixa de Renda
54,Parda,Homossexual,Mulher Cis,3375.76,5544.89,1108.98,BA,Estudando,3K-6K
44,Parda,Heterossexual,Mulher Cis,3162.36,10781.5,2156.3,RS,Empregado e Estudando,3K-6K
30,Branca,Heterossexual,Homem Cis,3725.28,10465.75,2093.15,RJ,Empregado e Estudando,3K-6K
58,Parda,Heterossexual,Mulher Trans,3913.36,8844.78,4422.39,RJ,Empregado,3K-6K
23,,Heterossexual,Homem Cis,1761.89,3337.56,1668.78,MG,Estudando,1.5K-3K
36,Parda,Heterossexual,Homem Cis,1963.85,4827.86,1609.29,RS,Empregado,1.5K-3K
54,Amarela,Heterossexual,Mulher Trans,3582.07,6766.95,1691.74,MG,Empregado e Estudando,3K-6K
34,Parda,Heterossexual,Homem Cis,2364.21,4332.8,1444.27,SP,Desempregado,1.5K-3K
38,Branca,Heterossexual,Mulher Cis,5133.49,14038.57,3509.64,PR,Empregado,3K-6K
26,Parda,Homossexual,Mulher Trans,3564.61,9076.1,4538.05,PR,Estudando,3K-6K
26,Parda,Bissexual,Mulher Cis,6857.01,19475.23,3895.05,PR,Empregado,6K-12K
39,Preta,Heterossexual,Homem Cis,4976.87,16718.36,5572.79,RS,Empregado e Estudando,3K-6K
51,,Homossexual,Mulher Cis,5486.68,14070.7,2814.14,PR,Empregado e Estudando,3K-6K
55,Parda,Homossexual,Mulher Cis,3738.62,9951.7,3317.23,SP,Estudando,3K-6K
39,Parda,Heterossexual,Mulher Cis,3783.25,6353.03,3176.52,MG,Empregado,3K-6K
18,Preta,Heterossexual,Homem Cis,6616.38,19420.87,9710.44,RS,Estudando,6K-12K
37,Branca,Heterossexual,Mulher Cis,2819.07,6483.33,3241.66,MG,Empregado,1.5K-3K
17,,Heterossexual,Mulher Cis,4484.2,15485.96,5161.99,RS,Empregado,3K-6K
39,Parda,Heterossexual,Mulher Cis,3020.77,9504.39,2376.1,MG,Estudando,3K-6K
37,Branca,Heterossexual,Homem Cis,3016.46,7676.78,2558.93,RJ,Empregado,3K-6K
45,Preta,Bissexual,Homem Trans,1395.99,2438.02,609.5,MG,Desempregado,Até 1.5K
53,Preta,Homossexual,Homem Cis,2163.47,,2321.28,PR,Empregado e Estudando,1.5K-3K
17,Indígena,Heterossexual,Homem Cis,1829.11,5669.44,1889.81,RJ,Empregado,1.5K-3K
36,Branca,Heterossexual,Homem Cis,4569.86,8541.85,4270.92,MG,Empregado,3K-6K
48,Parda,Heterossexual,Homem Cis,5372.37,11231.24,2246.25,RS,Empregado e Estudando,3K-6K
27,Parda,Heterossexual,Mulher Cis,3329.44,10277.36,2055.47,RS,Empregado,3K-6K
37,,Heterossexual,Mulher Cis,3913.33,7319.72,1829.93,CE,Estudando,3K-6K
59,Branca,Homossexual,Mulher Cis,3225.55,10758.84,2151.77,RS,Empregado e Estudando,3K-6K
40,Branca,Heterossexual,Mulher Cis,2040.6,4793.48,1597.83,BA,Empregado e Estudando,1.5K-3K
42,Branca,Homossexual,Mulher Cis,5052.07,8457.56,2819.19,SP,Estudando,3K-6K
57,Branca,,Homem Cis,4674.56,14638.37,7319.18,RS,Empregado,3K-6K
43,Parda,Heterossexual,Mulher Cis,93.42,209.92,104.96,RJ,Empregado,Até 1.5K
31,Branca,Homossexual,Homem Cis,2990.4,7634.49,1526.9,CE,Estudando,1.5K-3K
30,Branca,Heterossexual,Homem Cis,1912.35,3298.06,824.52,RS,Empregado e Estudando,1.5K-3K
59,Preta,Heterossexual,Mulher Cis,2796.31,4208.92,841.78,BA,Desempregado,1.5K-3K
18,Amarela,Heterossexual,Homem Cis,2293.22,6365.91,1273.18,PR,Empregado,1.5K-3K
52,Branca,Homossexual,Homem Cis,3416.44,8644.79,1728.96,RJ,Empregado,3K-6K
22,Branca,Heterossexual,Mulher Cis,2906.15,7809.05,1561.81,BA,Empregado,1.5K-3K
36,Parda,Homossexual,Homem Cis,2867.95,8854.76,2951.59,PR,Estudando,1.5K-3K
24,Branca,Bissexual,Homem Cis,5493.3,15343.95,3835.99,PE,Desempregado,3K-6K
54,Branca,Heterossexual,Homem Cis,4502.92,8328.36,2776.12,PE,Empregado e Estudando,3K-6K
33,Branca,,Homem Cis,2232.99,4960.69,1240.17,RJ,Estudando,1.5K-3K
19,Branca,Heterossexual,Homem Cis,2500.02,8279.52,4139.76,MG,Empregado,1.5K-3K
40,Preta,Heterossexual,Homem Cis,4385.23,13330.61,2666.12,SP,Estudando,3K-6K
29,Branca,Heterossexual,Mulher Cis,4382.76,11453.35,3817.78,CE,Desempregado,3K-6K
24,Preta,Heterossexual,Mulher Cis,2413.2,4853.65,1213.41,SP,Desempregado,1.5K-3K
41,Parda,Homossexual,Mulher Cis,3078.82,6478.21,3239.1,BA,Estudando,3K-6K
35,Parda,Heterossexual,Mulher Cis,2444.21,7827.21,1565.44,SP,Estudando,1.5K-3K
43,Branca,Bissexual,Homem Cis,6939.45,19727.81,4931.95,PR,Empregado,6K-12K
22,Parda,Heterossexual,Homem Cis,5486.6,17113.03,5704.34,PR,Empregado,3K-6K
59,Branca,Heterossexual,Homem Cis,6605.75,20037.3,4007.46,BA,Estudando,6K-12K
23,Branca,Heterossexual,Homem Trans,2367.67,4260.4,1420.13,BA,Empregado,1.5K-3K
50,Parda,Homossexual,Homem Cis,3196.6,7505.26,3752.63,BA,Empregado,3K-6K
29,Branca,Heterossexual,Homem Cis,2691.51,4860.78,1620.26,SP,Empregado,1.5K-3K
32,Branca,Homossexual,Mulher Cis,5528.16,10893.08,3631.03,PE,Estudando,3K-6K
51,Branca,Homossexual,Homem Cis,2478.17,8025.6,1605.12,BA,Empregado,1.5K-3K
55,Branca,Heterossexual,Mulher Cis,4816.19,11779.36,3926.45,CE,Estudando,3K-6K
19,Preta,Heterossexual,Mulher Cis,4720.94,,2427.24,SP,Empregado e Estudando,3K-6K
37,Branca,Heterossexual,Homem Cis,3413.55,6338.59,3169.3,BA,Empregado,3K-6K
21,Parda,Heterossexual,Homem Cis,5837.59,12402.21,2480.44,RS,Empregado,3K-6K
57,Parda,Heterossexual,Mulher Cis,3693.82,7241.71,1448.34,PR,Empregado,3K-6K
19,Parda,Heterossexual,Homem Cis,5001.35,9564.44,2391.11,CE,Empregado e Estudando,3K-6K
44,Branca,Heterossexual,Homem Cis,2609.53,7243.85,2414.62,BA,Empregado,1.5K-3K
33,Branca,Heterossexual,Homem Cis,2197.81,4425.88,2212.94,RJ,Desempregado,1.5K-3K
37,,Heterossexual,Homem Cis,4816.06,,2662.35,PR,Empregado,3K-6K
59,Preta,Heterossexual,Homem Cis,4275.51,6913.11,3456.56,PR,Estudando,3K-6K
49,Preta,Heterossexual,,3937.95,7023.53,1755.88,BA,Desempregado,3K-6K
25,Branca,Heterossexual,Homem Cis,2881.36,5904.14,1968.05,PE,Estudando,1.5K-3K
51,Branca,Heterossexual,Homem Cis,6288.58,16942.02,3388.4,MG,Empregado e Estudando,6K-12K
29,Branca,Heterossexual,Homem Trans,1490.15,4249.43,1416.48,PE,Empregado,Até 1.5K
46,Parda,Heterossexual,Mulher Trans,1391.58,3319.52,829.88,BA,Estudando,Até 1.5K
30,Branca,Bissexual,Mulher Cis,5195.9,12426.42,3106.6,PR,Empregado,3K-6K
23,Preta,Heterossexual,Mulher Cis,5048.17,14887.22,7443.61,CE,Empregado e Estudando,3K-6K
29,Branca,,Mulher Cis,4136.77,6336.05,1267.21,RJ,Estudando,3K-6K
38,Indígena,Heterossexual,Mulher Cis,2981.69,6506.58,3253.29,CE,Empregado e Estudando,1.5K-3K
55,Parda,Heterossexual,Homem Cis,4404.36,13818.3,3454.58,CE,Empregado,3K-6K
36,Preta,Homossexual,Homem Cis,6597.49,17855.7,5951.9,PR,Empregado,6K-12K
33,Parda,Heterossexual,Mulher Cis,518.46,1716.65,858.32,RJ,Desempregado,Até 1.5K
39,Parda,Heterossexual,Homem Cis,2745.94,8362.06,2787.35,SP,Empregado,1.5K-3K
56,Indígena,Heterossexual,Mulher Trans,966.33,2600.88,520.18,BA,Desempregado,Até 1.5K
44,Preta,Bissexual,Homem Cis,4424.9,10187.78,3395.93,SP,Estudando,3K-6K
30,Branca,Heterossexual,Mulher Cis,3037.74,6786.04,1357.21,RS,Desempregado,3K-6K
16,Branca,Heterossexual,Homem Cis,6448.6,14103.87,4701.29,BA,Empregado,6K-12K
40,Parda,Heterossexual,Mulher Cis,6201.87,16957.84,4239.46,CE,Desempregado,6K-12K
22,Preta,Heterossexual,Mulher Cis,4157.91,9915.87,2478.97,MG,Empregado,3K-6K
24,Branca,Heterossexual,Homem Cis,656.5,2076.99,415.4,BA,Empregado e Estudando,Até 1.5K
37,,Heterossexual,Mulher Cis,2467.0,7004.32,1400.86,RJ,Empregado,1.5K-3K
16,Branca,Heterossexual,Homem Cis,2664.1,4368.76,1092.19,RJ,Estudando,1.5K-3K
59,Parda,Heterossexual,Mulher Cis,1112.38,3092.79,618.56,MG,Empregado e Estudando,Até 1.5K
23,Parda,Heterossexual,Homem Cis,5578.25,11392.43,3797.48,SP,Estudando,3K-6K
39,Branca,Heterossexual,Mulher Cis,883.83,2373.64,791.21,RS,Estudando,Até 1.5K
26,Amarela,Bissexual,Homem Trans,7037.59,20129.36,5032.34,BA,Estudando,6K-12K
37,Parda,Heterossexual,Homem Cis,7033.08,13796.5,6898.25,RJ,Empregado e Estudando,6K-12K
23,Branca,Heterossexual,Mulher Cis,2806.89,6775.04,2258.35,SP,Estudando,1.5K-3K
50,Branca,,Homem Cis,4091.29,7694.28,1538.86,MG,Desempregado,3K-6K
50,,Heterossexual,,3369.89,5407.59,2703.8,PE,Estudando,3K-6K
48,Amarela,Bissexual,Homem Cis,5123.28,11563.0,5781.5,PR,Desempregado,3K-6K
20,Parda,Heterossexual,Mulher Cis,5794.42,,4299.24,PE,Estudando,3K-6K
37,,Homossexual,Homem Cis,3964.39,13839.53,4613.18,PE,Desempregado,3K-6K
54,,Heterossexual,Homem Cis,4344.41,,5197.44,RJ,Empregado,3K-6K
56,Parda,Homossexual,Homem Cis,2382.91,5164.1,2582.05,CE,Empregado,1.5K-3K
43,Preta,Heterossexual,Homem Cis,4286.09,11405.07,2851.27,CE,Empregado,3K-6K
24,Parda,Heterossexual,Mulher Cis,1858.77,6363.19,1590.8,BA,Empregado,1.5K-3K
23,Branca,Heterossexual,Homem Cis,3474.73,9624.72,3208.24,CE,Desempregado,3K-6K
27,,Homossexual,Mulher Cis,2810.27,8458.0,2114.5,PE,Empregado,1.5K-3K
49,Branca,Homossexual,Mulher Cis,2402.91,4423.65,1105.91,CE,Estudando,1.5K-3K
48,Branca,Heterossexual,Mulher Trans,1436.32,3330.76,832.69,PE,Empregado,Até 1.5K
38,Branca,Bissexual,Homem Cis,3612.5,8472.68,2118.17,RS,Empregado,3K-6K
39,Branca,Heterossexual,Homem Cis,2095.15,6586.34,1317.27,RJ,Estudando,1.5K-3K
52,Indígena,Heterossexual,Homem Cis,2652.01,3984.57,796.91,RJ,Desempregado,1.5K-3K
37,Branca,Homossexual,Homem Cis,4637.81,16058.29,5352.76,CE,Empregado e Estudando,3K-6K
37,Preta,Heterossexual,Homem Cis,1738.22,4258.24,1064.56,CE,Empregado e Estudando,1.5K-3K
37,Preta,Heterossexual,Mulher Cis,4133.4,9362.37,4681.19,PR,Empregado,3K-6K
42,Branca,Homossexual,Mulher Cis,3739.01,6504.6,3252.3,SP,Empregado,3K-6K
50,Parda,Heterossexual,Homem Cis,6563.05,22631.56,11315.78,RS,Empregado e Estudando,6K-12K
37,Parda,Heterossexual,Homem Cis,5989.66,9224.39,1844.88,RJ,Estudando,3K-6K
50,Branca,Heterossexual,Mulher Cis,739.25,2198.8,549.7,RS,Desempregado,Até 1.5K
52,Amarela,Heterossexual,Mulher Cis,5050.03,15337.95,3834.49,RJ,Estudando,3K-6K
29,Preta,Heterossexual,Mulher Cis,5777.36,11481.43,3827.14,RS,Empregado,3K-6K
16,Branca,Heterossexual,Homem Cis,2896.26,4882.68,1220.67,PE,Empregado,1.5K-3K
20,Amarela,Heterossexual,Mulher Cis,7844.11,15798.78,7899.39,RJ,Estudando,6K-12K
41,Parda,Heterossexual,Homem Cis,4672.54,14371.82,4790.61,RS,Desempregado,3K-6K
29,Parda,Homossexual,Homem Cis,7057.78,22792.2,5698.05,CE,Estudando,6K-12K
54,Parda,Heterossexual,Homem Cis,5932.66,16118.88,3223.78,SP,Empregado,3K-6K
42,Parda,Heterossexual,Homem Cis,4335.44,,2724.48,MG,Empregado,3K-6K
37,Amarela,Heterossexual,Mulher Cis,2456.54,4467.48,2233.74,MG,Desempregado,1.5K-3K
30,Amarela,Heterossexual,Homem Cis,3456.61,5621.2,1124.24,SP,Estudando,3K-6K
30,Preta,Heterossexual,Mulher Cis,3100.56,5380.4,2690.2,RS,Desempregado,3K-6K
41,Parda,Bissexual,Mulher Cis,1313.87,2568.24,642.06,CE,Empregado,Até 1.5K
57,Preta,Heterossexual,Homem Trans,4670.51,10197.35,2039.47,BA,Empregado e Estudando,3K-6K
28,Parda,Heterossexual,Mulher Cis,6321.24,14297.5,4765.83,SP,Empregado,6K-12K
54,Branca,Heterossexual,Homem Cis,7394.58,14627.3,2925.46,SP,Empregado,6K-12K
47,Preta,Bissexual,Mulher Cis,696.35,1754.42,350.88,SP,Estudando,Até 1.5K
19,Preta,Heterossexual,Homem Cis,5397.85,17006.32,8503.16,RJ,Empregado,3K-6K
45,Parda,Heterossexual,Mulher Cis,6508.74,13404.15,2680.83,RS,Empregado e Estudando,6K-12K
52,Preta,Heterossexual,Mulher Trans,3132.74,10603.62,5301.81,BA,Desempregado,3K-6K
38,Parda,Heterossexual,Homem Cis,3165.1,10276.05,2569.01,PE,Empregado,3K-6K
54,Branca,Bissexual,Homem Cis,5376.98,9805.08,4902.54,RJ,Empregado,3K-6K
30,Branca,Heterossexual,Mulher Trans,4410.78,13552.35,2710.47,SP,Empregado,3K-6K
58,Branca,Homossexual,Mulher Cis,95.34,252.57,50.51,PE,Empregado,Até 1.5K
44,Branca,Heterossexual,Homem Trans,1981.93,5218.72,1304.68,PR,Empregado e Estudando,1.5K-3K
51,,Homossexual,Mulher Cis,3475.61,,1586.33,PE,Desempregado,3K-6K
28,Parda,Heterossexual,Homem Cis,1034.54,2588.74,517.75,SP,Estudando,Até 1.5K
47,Branca,Heterossexual,Mulher Cis,2646.49,6071.99,2024.0,SP,Estudando,1.5K-3K
22,Parda,Heterossexual,Homem Cis,1079.57,2784.71,928.24,CE,Estudando,Até 1.5K
37,Branca,,Mulher Cis,2833.69,,1952.34,RS,Empregado,1.5K-3K
43,Parda,Bissexual,Homem Cis,2894.08,8244.1,4122.05,RS,Empregado,1.5K-3K
37,,Heterossexual,Homem Cis,4133.16,10601.4,3533.8,RJ,Estudando,3K-6K
57,Branca,Bissexual,Homem Trans,3334.83,9813.88,4906.94,BA,Empregado e Estudando,3K-6K
21,Parda,Heterossexual,Mulher Cis,4405.02,7852.2,1570.44,RJ,Empregado,3K-6K
43,Parda,,Homem Cis,4190.38,8062.14,2687.38,MG,Empregado,3K-6K
43,Branca,Heterossexual,Homem Cis,5356.41,16805.58,4201.4,SP,Desempregado,3K-6K
37,Amarela,Homossexual,Mulher Cis,5072.81,10881.46,2720.36,PE,Empregado e Estudando,3K-6K
59,Branca,Homossexual,Mulher Cis,4882.62,7547.49,1886.87,PR,Empregado,3K-6K
45,Indígena,Heterossexual,Homem Cis,4125.32,8032.94,4016.47,SP,Empregado e Estudando,3K-6K
40,Parda,Heterossexual,Mulher Cis,3350.87,11277.22,5638.61,PR,Estudando,3K-6K
54,Parda,,Mulher Cis,2828.3,7495.92,1499.18,PR,Empregado e Estudando,1.5K-3K
48,Preta,Homossexual,Mulher Cis,6217.51,15287.05,3057.41,RJ,Empregado,6K-12K
16,Branca,Heterossexual,Homem Trans,6452.91,13728.28,4576.09,SP,Desempregado,6K-12K
42,Branca,Homossexual,Mulher Cis,4579.61,12423.3,4141.1,RJ,Desempregado,3K-6K
28,Parda,Heterossexual,Mulher Cis,5540.38,9852.99,3284.33,RS,Desempregado,3K-6K
56,Preta,Homossexual,Mulher Cis,1201.0,3959.12,1319.71,RS,Estudando,Até 1.5K
54,Branca,Heterossexual,Homem Trans,5743.39,12262.5,2452.5,PR,Desempregado,3K-6K
21,Parda,Heterossexual,Homem Cis,3271.74,11142.22,5571.11,CE,Desempregado,3K-6K
23,Preta,Bissexual,Homem Cis,4848.74,15275.48,5091.83,SP,Desempregado,3K-6K
42,Branca,Heterossexual,Homem Cis,2208.88,6256.9,2085.63,RJ,Desempregado,1.5K-3K
24,Branca,Heterossexual,Mulher Cis,6482.58,11302.53,5651.26,RJ,Empregado e Estudando,6K-12K
52,Parda,Heterossexual,Homem Trans,727.25,1786.47,595.49,RJ,Empregado,Até 1.5K
57,Branca,Heterossexual,Homem Cis,6099.76,11986.65,5993.32,CE,Estudando,6K-12K
59,Branca,Heterossexual,Homem Cis,1197.72,1988.13,397.63,MG,Empregado,Até 1.5K
39,Branca,Heterossexual,Homem Cis,4181.42,12767.75,3191.94,RS,Desempregado,3K-6K
30,Branca,Heterossexual,Homem Cis,3306.81,5767.31,1153.46,PE,Desempregado,3K-6K
47,Indígena,Heterossexual,,2175.29,5848.44,1462.11,PR,Empregado,1.5K-3K
47,Preta,Heterossexual,Mulher Trans,3140.11,10591.27,2647.82,BA,Desempregado,3K-6K
39,Branca,Heterossexual,Homem Cis,1974.46,6421.36,1605.34,CE,Empregado,1.5K-3K
56,Indígena,Heterossexual,Homem Cis,6276.06,12900.47,4300.16,PE,Empregado,6K-12K
27,Parda,Heterossexual,Mulher Cis,6748.09,21613.44,4322.69,CE,Estudando,6K-12K
54,Parda,Heterossexual,Homem Cis,2265.67,3400.01,850.0,PR,Empregado,1.5K-3K
17,Parda,Homossexual,Mulher Cis,3995.94,6135.27,3067.64,BA,Estudando,3K-6K
52,Branca,Bissexual,,5431.49,12110.03,2422.01,RJ,Empregado e Estudando,3K-6K
32,Parda,Homossexual,Homem Cis,5384.62,12238.82,3059.7,MG,Desempregado,3K-6K
17,Parda,Heterossexual,Homem Cis,2968.53,7803.92,3901.96,CE,Empregado,1.5K-3K
17,Branca,Bissexual,Mulher Cis,3530.39,6649.72,1329.94,MG,Estudando,3K-6K
43,Amarela,,Mulher Cis,3331.22,6407.64,1281.53,PE,Empregado,3K-6K
38,Preta,Heterossexual,Homem Cis,586.78,1448.88,482.96,SP,Desempregado,Até 1.5K
52,Branca,Heterossexual,Mulher Cis,6282.81,18901.88,3780.38,CE,Empregado e Estudando,6K-12K
47,Amarela,Bissexual,Mulher Cis,2119.48,5805.25,1935.08,CE,Empregado,1.5K-3K
48,Indígena,Homossexual,Mulher Cis,2131.73,4465.36,1116.34,PE,Desempregado,1.5K-3K
16,,Heterossexual,Homem Cis,3229.24,7623.18,2541.06,RS,Estudando,3K-6K
34,Branca,Homossexual,Homem Cis,5291.99,9744.3,4872.15,BA,Empregado e Estudando,3K-6K
17,Preta,Homossexual,Mulher Cis,2435.65,4017.02,1339.01,RJ,Estudando,1.5K-3K
59,Parda,Homossexual,Homem Cis,13.93,42.7,21.35,PE,Empregado,Até 1.5K
41,Preta,Homossexual,Homem Cis,1903.4,3865.38,1288.46,BA,Estudando,1.5K-3K
47,Indígena,Homossexual,Homem Cis,4263.45,7910.97,1582.19,PR,Empregado,3K-6K
21,Parda,Heterossexual,Homem Cis,7441.55,21455.75,5363.94,BA,Estudando,6K-12K
47,Preta,Heterossexual,Mulher Cis,1232.14,3371.26,1685.63,PR,Empregado e Estudando,Até 1.5K
19,Preta,Heterossexual,Homem Cis,1166.3,3226.43,1075.48,PE,Estudando,Até 1.5K
37,Preta,Bissexual,Homem Cis,777.33,1521.85,507.28,CE,Empregado e Estudando,Até 1.5K
32,Parda,Heterossexual,Homem Cis,553.9,1088.57,362.86,CE,Empregado,Até 1.5K
53,,Heterossexual,Homem Cis,5670.24,11009.37,2201.87,RS,Estudando,3K-6K
39,Branca,Heterossexual,Mulher Cis,6190.44,11436.87,2287.37,PE,Estudando,6K-12K
20,Preta,Heterossexual,Mulher Cis,3819.96,10739.62,5369.81,PR,Empregado,3K-6K
49,Branca,Homossexual,Homem Cis,2658.12,8495.44,4247.72,BA,Empregado e Estudando,1.5K-3K
21,Parda,Bissexual,Homem Cis,6724.06,19826.8,3965.36,BA,Empregado,6K-12K
26,Parda,Heterossexual,Homem Cis,5460.99,12612.69,3153.17,MG,Estudando,3K-6K
31,Preta,Heterossexual,Homem Cis,2570.39,7218.04,1804.51,RS,Estudando,1.5K-3K
48,Preta,Heterossexual,Homem Cis,3579.64,7905.54,1581.11,SP,Empregado,3K-6K
24,Branca,Heterossexual,Mulher Cis,1272.79,3246.9,1623.45,CE,Desempregado,Até 1.5K
21,Amarela,Heterossexual,Homem Cis,4632.65,11411.47,3803.82,RJ,Desempregado,3K-6K
31,Parda,Heterossexual,Mulher Cis,3843.69,7125.33,1781.33,BA,Empregado e Estudando,3K-6K
44,Branca,Heterossexual,Homem Cis,1889.79,4297.68,859.54,RJ,Desempregado,1.5K-3K
18,Preta,Heterossexual,,1914.01,6560.55,3280.28,SP,Empregado,1.5K-3K
35,Parda,Heterossexual,Mulher Cis,6408.73,12799.26,2559.85,PE,Estudando,6K-12K
51,Branca,Heterossexual,Mulher Cis,7049.0,12459.87,4153.29,RJ,Desempregado,6K-12K
34,Preta,Heterossexual,Mulher Cis,3116.36,7283.44,1820.86,SP,Estudando,3K-6K
41,Branca,Homossexual,Mulher Trans,3621.96,11158.08,2231.62,CE,Estudando,3K-6K
18,Branca,Heterossexual,Mulher Cis,4220.21,11243.89,2248.78,PR,Empregado e Estudando,3K-6K
34,Parda,Heterossexual,Mulher Cis,3766.46,10779.42,2155.88,MG,Desempregado,3K-6K
35,Branca,Bissexual,Mulher Cis,486.26,,304.62,CE,Desempregado,Até 1.5K
47,Parda,Heterossexual,Mulher Cis,4270.17,11691.28,2338.26,BA,Empregado,3K-6K
22,Parda,Homossexual,Mulher Cis,258.2,554.36,184.79,SP,Empregado,Até 1.5K
37,Preta,Heterossexual,Homem Cis,2181.17,6911.27,2303.76,RJ,Empregado,1.5K-3K
48,Preta,,Homem Cis,4409.77,12164.78,4054.93,BA,Empregado,3K-6K
55,Preta,Homossexual,Mulher Cis,4579.99,8691.5,2172.88,MG,Estudando,3K-6K
54,,Homossexual,Mulher Cis,2041.87,3326.68,831.67,PR,Estudando,1.5K-3K
33,Parda,Homossexual,Mulher Cis,2674.81,4240.29,848.06,PE,Desempregado,1.5K-3K
55,Branca,Heterossexual,Mulher Cis,2431.09,5452.49,1090.5,BA,Estudando,1.5K-3K
26,Parda,Homossexual,Homem Cis,3451.77,9637.96,4818.98,SP,Estudando,3K-6K
43,Branca,Heterossexual,Mulher Cis,4703.24,11751.83,2937.96,MG,Estudando,3K-6K
40,Parda,Homossexual,Homem Cis,2569.59,5221.51,1740.5,RJ,Desempregado,1.5K-3K
38,Parda,Heterossexual,Mulher Cis,4172.11,7503.44,1875.86,MG,Desempregado,3K-6K
46,Preta,Heterossexual,Homem Cis,4412.63,7741.52,2580.51,MG,Empregado,3K-6K
37,Indígena,Heterossexual,Homem Cis,3856.92,12455.23,2491.05,RS,Desempregado,3K-6K
57,Parda,Heterossexual,Homem Cis,3032.71,6025.86,3012.93,MG,Empregado e Estudando,3K-6K
50,Branca,Heterossexual,Mulher Cis,3825.16,10723.54,2144.71,MG,Estudando,3K-6K
22,Branca,Heterossexual,Mulher Trans,4853.13,15148.42,5049.47,CE,Empregado,3K-6K
31,Amarela,Heterossexual,Mulher Cis,5010.53,13669.54,4556.51,BA,Desempregado,3K-6K
41,Amarela,Heterossexual,Mulher Cis,6767.67,21786.01,7262.0,RJ,Estudando,6K-12K
17,,Heterossexual,Mulher Cis,1717.95,3925.15,1962.58,CE,Empregado,1.5K-3K
16,Parda,Homossexual,Mulher Cis,2707.99,9240.87,2310.22,CE,Desempregado,1.5K-3K
27,Branca,Heterossexual,Homem Trans,595.76,1052.28,210.46,BA,Empregado e Estudando,Até 1.5K
20,Branca,Heterossexual,Homem Cis,5175.82,8821.15,1764.23,BA,Desempregado,3K-6K
37,,Homossexual,Homem Cis,3871.14,13106.37,2621.27,BA,Desempregado,3K-6K
24,,Heterossexual,,2412.19,7520.65,3760.32,RS,Empregado e Estudando,1.5K-3K
56,Parda,Homossexual,Homem Cis,2911.93,4812.94,962.59,RS,Desempregado,1.5K-3K
50,Branca,,Homem Cis,5701.74,11738.37,3912.79,CE,Empregado,3K-6K
34,Preta,Heterossexual,Mulher Trans,4749.62,15961.75,3990.44,PE,Desempregado,3K-6K
31,Amarela,Heterossexual,,3299.26,6618.7,3309.35,SP,Desempregado,3K-6K
18,Indígena,Heterossexual,Homem Cis,4882.07,14950.56,3737.64,PE,Desempregado,3K-6K
35,Branca,Heterossexual,Mulher Cis,4921.82,15505.03,7752.52,PE,Estudando,3K-6K
39,Branca,Heterossexual,Mulher Cis,2795.43,6963.15,2321.05,CE,Empregado,1.5K-3K
48,Branca,Bissexual,Homem Cis,855.66,,486.16,PR,Empregado e Estudando,Até 1.5K
39,Branca,Heterossexual,Mulher Cis,1881.51,4516.09,903.22,CE,Empregado,1.5K-3K
26,Branca,Heterossexual,Homem Cis,1087.05,2124.02,1062.01,RJ,Desempregado,Até 1.5K
37,Parda,Heterossexual,Mulher Cis,5595.98,,4587.0,RJ,Empregado,3K-6K
51,Branca,Homossexual,Mulher Cis,5908.61,14187.99,2837.6,BA,Desempregado,3K-6K
53,Branca,Heterossexual,Mulher Cis,6355.47,20750.09,5187.52,BA,Desempregado,6K-12K
55,Branca,Heterossexual,Mulher Cis,135.2,,57.84,PR,Desempregado,Até 1.5K
35,Branca,Bissexual,Homem Trans,5428.52,18872.52,4718.13,BA,Empregado,3K-6K
50,Branca,Homossexual,Homem Cis,7481.94,17856.0,8928.0,RJ,Estudando,6K-12K
40,Parda,Heterossexual,Homem Cis,5501.58,8778.66,1755.73,PE,Empregado,3K-6K
37,Branca,Heterossexual,Homem Cis,372.21,586.62,195.54,CE,Estudando,Até 1.5K
40,Branca,Homossexual,Mulher Cis,6682.94,19998.13,9999.06,MG,Empregado e Estudando,6K-12K
44,Parda,Heterossexual,Homem Cis,3575.04,10074.72,5037.36,RS,Empregado,3K-6K
33,Parda,Heterossexual,Homem Cis,3081.68,9566.34,4783.17,MG,Desempregado,3K-6K
33,Branca,Heterossexual,Homem Cis,4311.97,7376.64,2458.88,MG,Desempregado,3K-6K
17,Branca,Heterossexual,Mulher Cis,1611.79,2532.35,506.47,RJ,Empregado,1.5K-3K
50,Branca,Homossexual,Homem Cis,3505.01,8822.67,1764.53,MG,Desempregado,3K-6K
31,Amarela,Bissexual,Homem Cis,6416.77,14599.37,2919.87,CE,Estudando,6K-12K
56,Parda,Heterossexual,,4620.31,,2799.78,PR,Desempregado,3K-6K
51,Parda,Heterossexual,Homem Cis,3605.12,12557.27,3139.32,SP,Empregado,3K-6K
48,Amarela,Heterossexual,Homem Cis,3661.29,12600.33,3150.08,BA,Estudando,3K-6K
19,Branca,Heterossexual,Homem Cis,1373.49,4648.76,1549.59,SP,Desempregado,Até 1.5K
48,Preta,Homossexual,Homem Cis,3230.02,9908.69,2477.17,PE,Estudando,3K-6K
29,Parda,Heterossexual,Mulher Cis,558.27,1233.6,411.2,CE,Desempregado,Até 1.5K
36,Branca,Heterossexual,Homem Cis,5340.39,12412.46,2482.49,CE,Desempregado,3K-6K
35,Parda,Heterossexual,Homem Cis,434.28,1128.79,282.2,RS,Empregado,Até 1.5K
22,Parda,Heterossexual,Mulher Cis,5262.94,8617.67,4308.84,BA,Empregado e Estudando,3K-6K
18,,Homossexual,Mulher Cis,5873.78,13795.12,4598.37,CE,Empregado,3K-6K
32,Branca,Heterossexual,Homem Cis,3656.35,6088.68,1217.74,MG,Empregado e Estudando,3K-6K
48,Preta,Homossexual,Mulher Cis,5149.93,13025.8,6512.9,RS,Desempregado,3K-6K
27,Branca,Heterossexual,Homem Cis,3212.46,10594.06,5297.03,BA,Empregado,3K-6K
